kind	qualname	module	loc	warns	replacement_hint	message
function	AGenBio_4_troughplate_75000_Vb	pylabrobot.resources.agenbio.plates	pylabrobot/pylabrobot/resources/agenbio/plates.py:118	yes	AGenBio_4_troughplate_75000uL_Vb	AGenBio_4_troughplate_75000_Vb is deprecated. Use AGenBio_4_troughplate_75000uL_Vb instead.
function	AGenBio_1_wellplate_Fl	pylabrobot.resources.agenbio.plates	pylabrobot/pylabrobot/resources/agenbio/plates.py:130	yes	AGenBio_1_troughplate_190000uL_Fl	AGenBio_1_wellplate_Fl is deprecated. Use AGenBio_1_troughplate_190000uL_Fl instead.
function	AGenBio_1_troughplate_100000uL_Fl	pylabrobot.resources.agenbio.plates	pylabrobot/pylabrobot/resources/agenbio/plates.py:249	yes	agenbio_1_troughplate_100mL_Fl	AGenBio_1_troughplate_100000uL_Fl() is deprecated and will be removed in v1b1. Use agenbio_1_troughplate_100mL_Fl() instead.
function	AGenBio_1_troughplate_190000uL_Fl	pylabrobot.resources.agenbio.plates	pylabrobot/pylabrobot/resources/agenbio/plates.py:264	yes	agenbio_1_troughplate_190mL_Fl	AGenBio_1_troughplate_190000uL_Fl() is deprecated and will be removed in v1b1. Use agenbio_1_troughplate_190mL_Fl() instead.
function	AGenBio_4_troughplate_75000uL_Vb	pylabrobot.resources.agenbio.plates	pylabrobot/pylabrobot/resources/agenbio/plates.py:279	yes	agenbio_4_troughplate_75mL_Vb	AGenBio_4_troughplate_75000uL_Vb() is deprecated and will be removed in v1b1. Use agenbio_4_troughplate_75mL_Vb() instead.
function	AGenBio_96_wellplate_Ub_2200ul	pylabrobot.resources.agenbio.plates	pylabrobot/pylabrobot/resources/agenbio/plates.py:294	yes	agenbio_96_wellplate_Ub_2200uL	AGenBio_96_wellplate_Ub_2200ul() is deprecated and will be removed in v1b1. Use agenbio_96_wellplate_Ub_2200uL() instead.
function	agilent_96_wellplate_150uL_Ub	pylabrobot.resources.agilent.plates	pylabrobot/pylabrobot/resources/agilent/plates.py:107	yes	agilent_96_wellplate_150uL_Vb	agilent_96_wellplate_150uL_Ub is deprecated. Use agilent_96_wellplate_150uL_Vb instead.
function	Agilent_2_reservoir_144mL_Vb	pylabrobot.resources.agilent.plates	pylabrobot/pylabrobot/resources/agilent/plates.py:153	yes	agilent_2_reservoir_144mL_Vb	Agilent_2_reservoir_144mL_Vb() is deprecated and will be removed in v1b1. Use agilent_2_reservoir_144mL_Vb() instead.
function	Alpaqua_96_magnum_flx	pylabrobot.resources.alpaqua.magnetic_racks	pylabrobot/pylabrobot/resources/alpaqua/magnetic_racks.py:34	yes	alpaqua_96_plateadapter_magnum_flx	Alpaqua_96_magnum_flx is deprecated. Use 'alpaqua_96_plateadapter_magnum_flx' instead.
function	Azenta4titudeFrameStar_96_wellplate_200ul_Vb	pylabrobot.resources.azenta.plates	pylabrobot/pylabrobot/resources/azenta/plates.py:70	yes	azenta_96_wellplate_200uL_Vb_4titudeframestar	Azenta4titudeFrameStar_96_wellplate_200ul_Vb() is deprecated and will be removed in v1b1. Use azenta_96_wellplate_200uL_Vb_4titudeframestar() instead.
function	BioER_96_wellplate_Vb_2200uL	pylabrobot.resources.bioer.plates	pylabrobot/pylabrobot/resources/bioer/plates.py:76	yes	bioer_96_wellplate_2200uL_Vb	BioER_96_wellplate_Vb_2200uL() is deprecated and will be removed in v1b1. Use bioer_96_wellplate_2200uL_Vb() instead.
function	BioRad_384_wellplate_50uL_Vb	pylabrobot.resources.biorad.plates	pylabrobot/pylabrobot/resources/biorad/plates.py:100	yes	biorad_384_wellplate_50uL_Vb	BioRad_384_wellplate_50uL_Vb() is deprecated and will be removed in v1b1. Use biorad_384_wellplate_50uL_Vb() instead.
function	BTX_96_wellplate_125ul_Fb_2mm	pylabrobot.resources.btx.plates	pylabrobot/pylabrobot/resources/btx/plates.py:76	yes	btx_96_wellplate_125uL_Fb_2mm	BTX_96_wellplate_125ul_Fb_2mm() is deprecated and will be removed in v1b1. Use btx_96_wellplate_125uL_Fb_2mm() instead.
function	CellTreat_12_troughplate_15000ul_Vb	pylabrobot.resources.celltreat.plates	pylabrobot/pylabrobot/resources/celltreat/plates.py:277	yes	celltreat_12_troughplate_15mL_Vb	CellTreat_12_troughplate_15000ul_Vb() is deprecated and will be removed in v1b1. Use celltreat_12_troughplate_15mL_Vb() instead.
function	CellTreat_24_wellplate_3300ul_Fb	pylabrobot.resources.celltreat.plates	pylabrobot/pylabrobot/resources/celltreat/plates.py:292	yes	celltreat_24_wellplate_3300uL_Fb	CellTreat_24_wellplate_3300ul_Fb() is deprecated and will be removed in v1b1. Use celltreat_24_wellplate_3300uL_Fb() instead.
function	CellTreat_6_wellplate_16300ul_Fb	pylabrobot.resources.celltreat.plates	pylabrobot/pylabrobot/resources/celltreat/plates.py:307	yes	celltreat_6_wellplate_16300uL_Fb	CellTreat_6_wellplate_16300ul_Fb() is deprecated and will be removed in v1b1. Use celltreat_6_wellplate_16300uL_Fb() instead.
function	CellTreat_96_wellplate_350ul_Fb	pylabrobot.resources.celltreat.plates	pylabrobot/pylabrobot/resources/celltreat/plates.py:322	yes	celltreat_96_wellplate_350uL_Fb	CellTreat_96_wellplate_350ul_Fb() is deprecated and will be removed in v1b1. Use celltreat_96_wellplate_350uL_Fb() instead.
function	CellTreat_96_wellplate_350ul_Ub	pylabrobot.resources.celltreat.plates	pylabrobot/pylabrobot/resources/celltreat/plates.py:337	yes	celltreat_96_wellplate_350uL_Ub	CellTreat_96_wellplate_350ul_Ub() is deprecated and will be removed in v1b1. Use celltreat_96_wellplate_350uL_Ub() instead.
function	CellTreat_6_wellplate_16300ul_Fb_Lid	pylabrobot.resources.celltreat.plates	pylabrobot/pylabrobot/resources/celltreat/plates.py:352	yes	celltreat_6_wellplate_16300uL_Fb_lid	CellTreat_6_wellplate_16300ul_Fb_Lid() is deprecated and will be removed in v1b1. Use celltreat_6_wellplate_16300uL_Fb_lid() instead.
function	CellTreat_24_wellplate_3300ul_Fb_Lid	pylabrobot.resources.celltreat.plates	pylabrobot/pylabrobot/resources/celltreat/plates.py:367	yes	celltreat_24_wellplate_3300uL_Fb_lid	CellTreat_24_wellplate_3300ul_Fb_Lid() is deprecated and will be removed in v1b1. Use celltreat_24_wellplate_3300uL_Fb_lid() instead.
function	CellTreat_96_wellplate_350ul_Ub_Lid	pylabrobot.resources.celltreat.plates	pylabrobot/pylabrobot/resources/celltreat/plates.py:382	yes	celltreat_96_wellplate_350uL_Ub_lid	CellTreat_96_wellplate_350ul_Ub_Lid() is deprecated and will be removed in v1b1. Use celltreat_96_wellplate_350uL_Ub_lid() instead.
function	celltreat_15000ul_centrifuge_tube_Vb	pylabrobot.resources.celltreat.tubes	pylabrobot/pylabrobot/resources/celltreat/tubes.py:30	yes	celltreat_tube_15mL_Vb	celltreat_15000ul_centrifuge_tube_Vb() is deprecated and will be removed in v1b1. Use celltreat_tube_15mL_Vb() instead.
function	CellVis_24_wellplate_3600uL_Fb_Lid	pylabrobot.resources.cellvis.plates	pylabrobot/pylabrobot/resources/cellvis/plates.py:107	yes	cellvis_24_wellplate_3600uL_Fb_lid	CellVis_24_wellplate_3600uL_Fb_Lid() is deprecated and will be removed in v1b1. Use cellvis_24_wellplate_3600uL_Fb_lid() instead.
function	CellVis_24_wellplate_3600uL_Fb	pylabrobot.resources.cellvis.plates	pylabrobot/pylabrobot/resources/cellvis/plates.py:122	yes	cellvis_24_wellplate_3600uL_Fb	CellVis_24_wellplate_3600uL_Fb() is deprecated and will be removed in v1b1. Use cellvis_24_wellplate_3600uL_Fb() instead.
function	CellVis_96_wellplate_350uL_Fb_Lid	pylabrobot.resources.cellvis.plates	pylabrobot/pylabrobot/resources/cellvis/plates.py:137	yes	cellvis_96_wellplate_350uL_Fb_lid	CellVis_96_wellplate_350uL_Fb_Lid() is deprecated and will be removed in v1b1. Use cellvis_96_wellplate_350uL_Fb_lid() instead.
function	CellVis_96_wellplate_350uL_Fb	pylabrobot.resources.cellvis.plates	pylabrobot/pylabrobot/resources/cellvis/plates.py:152	yes	cellvis_96_wellplate_350uL_Fb	CellVis_96_wellplate_350uL_Fb() is deprecated and will be removed in v1b1. Use cellvis_96_wellplate_350uL_Fb() instead.
function	Cor_Axy_24_wellplate_10mL_Vb	pylabrobot.resources.corning.axygen.plates	pylabrobot/pylabrobot/resources/corning/axygen/plates.py:161	yes	cor_axy_24_wellplate_10mL_Vb	Cor_Axy_24_wellplate_10mL_Vb() is deprecated and will be removed in v1b1. Use cor_axy_24_wellplate_10mL_Vb() instead.
function	Cor_Axy_96_wellplate_500uL_Ub	pylabrobot.resources.corning.axygen.plates	pylabrobot/pylabrobot/resources/corning/axygen/plates.py:176	yes	cor_axy_96_wellplate_500uL_Ub	Cor_Axy_96_wellplate_500uL_Ub() is deprecated and will be removed in v1b1. Use cor_axy_96_wellplate_500uL_Ub() instead.
function	Cor_Cos_12_wellplate_6900ul_Fb	pylabrobot.resources.corning.costar.plates	pylabrobot/pylabrobot/resources/corning/costar/plates.py:255	yes	cor_cos_12_wellplate_6900uL_Fb	Cor_Cos_12_wellplate_6900ul_Fb() is deprecated and will be removed in v1b1. Use cor_cos_12_wellplate_6900uL_Fb() instead.
function	Cor_Cos_24_wellplate_3470ul_Fb	pylabrobot.resources.corning.costar.plates	pylabrobot/pylabrobot/resources/corning/costar/plates.py:270	yes	cor_cos_24_wellplate_3470uL_Fb	Cor_Cos_24_wellplate_3470ul_Fb() is deprecated and will be removed in v1b1. Use cor_cos_24_wellplate_3470uL_Fb() instead.
function	Cor_Cos_48_wellplate_1620ul_Fb	pylabrobot.resources.corning.costar.plates	pylabrobot/pylabrobot/resources/corning/costar/plates.py:285	yes	cor_cos_48_wellplate_1620uL_Fb	Cor_Cos_48_wellplate_1620ul_Fb() is deprecated and will be removed in v1b1. Use cor_cos_48_wellplate_1620uL_Fb() instead.
function	Cor_Cos_6_wellplate_16800ul_Fb	pylabrobot.resources.corning.costar.plates	pylabrobot/pylabrobot/resources/corning/costar/plates.py:300	yes	cor_cos_6_wellplate_16800uL_Fb	Cor_Cos_6_wellplate_16800ul_Fb() is deprecated and will be removed in v1b1. Use cor_cos_6_wellplate_16800uL_Fb() instead.
function	Cor_Cos_6_wellplate_16800ul_Fb_Lid	pylabrobot.resources.corning.costar.plates	pylabrobot/pylabrobot/resources/corning/costar/plates.py:315	yes	cor_cos_6_wellplate_16800uL_Fb_lid	Cor_Cos_6_wellplate_16800ul_Fb_Lid() is deprecated and will be removed in v1b1. Use cor_cos_6_wellplate_16800uL_Fb_lid() instead.
function	Cor_Falcon_96_wellplate_250ul_Rb	pylabrobot.resources.corning.falcon.plates	pylabrobot/pylabrobot/resources/corning/falcon/plates.py:174	yes	cor_falcon_96_wellplate_250uL_Rb	Cor_Falcon_96_wellplate_250ul_Rb() is deprecated and will be removed in v1b1. Use cor_falcon_96_wellplate_250uL_Rb() instead.
function	Cor_Falcon_96_wellplate_275ul_Fb	pylabrobot.resources.corning.falcon.plates	pylabrobot/pylabrobot/resources/corning/falcon/plates.py:189	yes	cor_falcon_96_wellplate_275uL_Fb	Cor_Falcon_96_wellplate_275ul_Fb() is deprecated and will be removed in v1b1. Use cor_falcon_96_wellplate_275uL_Fb() instead.
function	Cor_Falcon_96_wellplate_340ul_Fb_Black	pylabrobot.resources.corning.falcon.plates	pylabrobot/pylabrobot/resources/corning/falcon/plates.py:204	yes	cor_falcon_96_wellplate_340uL_Fb_black	Cor_Falcon_96_wellplate_340ul_Fb_Black() is deprecated and will be removed in v1b1. Use cor_falcon_96_wellplate_340uL_Fb_black() instead.
function	Cor_Falcon_tube_14mL_Rb	pylabrobot.resources.corning.falcon.tubes	pylabrobot/pylabrobot/resources/corning/falcon/tubes.py:89	yes	cor_falcon_tube_14mL_Rb	Cor_Falcon_tube_14mL_Rb() is deprecated and will be removed in v1b1. Use cor_falcon_tube_14mL_Rb() instead.
function	Cor_Falcon_tube_15mL_Vb	pylabrobot.resources.corning.falcon.tubes	pylabrobot/pylabrobot/resources/corning/falcon/tubes.py:104	yes	cor_falcon_tube_15mL_Vb	Cor_Falcon_tube_15mL_Vb() is deprecated and will be removed in v1b1. Use cor_falcon_tube_15mL_Vb() instead.
function	Cor_Falcon_tube_50mL_Vb	pylabrobot.resources.corning.falcon.tubes	pylabrobot/pylabrobot/resources/corning/falcon/tubes.py:119	yes	cor_falcon_tube_50mL_Vb	Cor_Falcon_tube_50mL_Vb() is deprecated and will be removed in v1b1. Use cor_falcon_tube_50mL_Vb() instead.
function	Cor_96_wellplate_2mL_Vb	pylabrobot.resources.corning.plates	pylabrobot/pylabrobot/resources/corning/plates.py:176	yes	cor_96_wellplate_2mL_Vb	Cor_96_wellplate_2mL_Vb() is deprecated and will be removed in v1b1. Use cor_96_wellplate_2mL_Vb() instead.
function	Cor_96_wellplate_360ul_Fb	pylabrobot.resources.corning.plates	pylabrobot/pylabrobot/resources/corning/plates.py:191	yes	cor_96_wellplate_360uL_Fb	Cor_96_wellplate_360ul_Fb() is deprecated and will be removed in v1b1. Use cor_96_wellplate_360uL_Fb() instead.
function	Cor_96_wellplate_360ul_Fb_Lid	pylabrobot.resources.corning.plates	pylabrobot/pylabrobot/resources/corning/plates.py:206	yes	cor_96_wellplate_360uL_Fb_lid	Cor_96_wellplate_360ul_Fb_Lid() is deprecated and will be removed in v1b1. Use cor_96_wellplate_360uL_Fb_lid() instead.
function	Eppendorf_DNA_LoBind_1_5ml_Vb	pylabrobot.resources.eppendorf.tubes	pylabrobot/pylabrobot/resources/eppendorf/tubes.py:12	yes	eppendorf_tube_1500uL_Vb	Eppendorf_DNA_LoBind_1_5ml_Vb is deprecated and will be removed in 2026-04. Use eppendorf_tube_1500uL_Vb instead.
function	Eppendorf_Protein_LoBind_1_5ml_Vb	pylabrobot.resources.eppendorf.tubes	pylabrobot/pylabrobot/resources/eppendorf/tubes.py:32	yes	eppendorf_tube_1500uL_Vb	Eppendorf_Protein_LoBind_1_5ml_Vb is deprecated and will be removed in 2026-04. Use eppendorf_tube_1500uL_Vb instead.
method	CrossContaminationError.__init__	pylabrobot.resources.errors	pylabrobot/pylabrobot/resources/errors.py:28	yes		Cross contamination tracking is deprecated and will be removed in a future version.
function	prep_core_gripper_mount	pylabrobot.resources.hamilton.core_grippers	pylabrobot/pylabrobot/resources/hamilton/core_grippers.py:122	yes	prep_core_gripper_holder	prep_core_gripper_mount is deprecated. Use 'prep_core_gripper_holder' instead.
function	rails_for_x_coordinate	pylabrobot.resources.hamilton.hamilton_decks	pylabrobot/pylabrobot/resources/hamilton/hamilton_decks.py:89	yes	track_for_x_coordinate	`rails_for_x_coordinate` is deprecated, use `track_for_x_coordinate`: a track is the part of the deck, and a rail is part of a carrier.
function	_resolve_num_tracks	pylabrobot.resources.hamilton.hamilton_decks	pylabrobot/pylabrobot/resources/hamilton/hamilton_decks.py:107	yes	num_tracks	`num_rails` is deprecated, use `num_tracks`: a track is the part of the deck, and a rail is part of a carrier.
method	HamiltonDeck.rails_to_location	pylabrobot.resources.hamilton.hamilton_decks	pylabrobot/pylabrobot/resources/hamilton/hamilton_decks.py:212	yes	track_to_location	`rails_to_location` is deprecated, use `track_to_location`: a track is the part of the deck, and a rail is part of a carrier.
method	HamiltonDeck.num_rails	pylabrobot.resources.hamilton.hamilton_decks	pylabrobot/pylabrobot/resources/hamilton/hamilton_decks.py:234	yes	num_tracks	`num_rails` is deprecated, use `num_tracks`: a track is the part of the deck, and a rail is part of a carrier.
method	HamiltonDeck.assign_child_resource	pylabrobot.resources.hamilton.hamilton_decks	pylabrobot/pylabrobot/resources/hamilton/hamilton_decks.py:529	yes	track	`rails` is deprecated, use `track`: a track is the part of the deck, and a rail is part of a carrier.
function	MFX_CAR_L5_base	pylabrobot.resources.hamilton.mfx_carriers	pylabrobot/pylabrobot/resources/hamilton/mfx_carriers.py:136	yes	hamilton_mfx_carrier_L5_base	MFX_CAR_L5_base is deprecated. Use 'hamilton_mfx_carrier_L5_base' instead.
function	MFX_TIP_module	pylabrobot.resources.hamilton.mfx_modules	pylabrobot/pylabrobot/resources/hamilton/mfx_modules.py:30	yes	hamilton_mfx_tiprackholder_standard	MFX_TIP_module is deprecated and will be removed in the future. Use 'hamilton_mfx_tiprackholder_standard' instead.
function	Hamilton_MFX_plateholder_DWP_metal_tapped	pylabrobot.resources.hamilton.mfx_modules	pylabrobot/pylabrobot/resources/hamilton/mfx_modules.py:132	yes	hamilton_mfx_plateholder_DWP_metal_tapped	Hamilton_MFX_plateholder_DWP_metal_tapped is deprecated. Use 'hamilton_mfx_plateholder_DWP_metal_tapped' instead.
function	MFX_DWP_rackbased_module	pylabrobot.resources.hamilton.mfx_modules	pylabrobot/pylabrobot/resources/hamilton/mfx_modules.py:142	yes	hamilton_mfx_plateholder_DWP_flat	MFX_DWP_rackbased_module is deprecated. Use 'hamilton_mfx_plateholder_DWP_flat' instead.
function	PLT_CAR_L5AC_A00	pylabrobot.resources.hamilton.plate_carriers	pylabrobot/pylabrobot/resources/hamilton/plate_carriers.py:700	yes	hamilton_plate_carrier_L5_ac	PLT_CAR_L5AC_A00 is deprecated. Use 'hamilton_plate_carrier_L5_ac' instead.
method	HamiltonSTARDeck.__init__	pylabrobot.resources.hamilton.star_decks	pylabrobot/pylabrobot/resources/hamilton/star_decks.py:32	yes	with_teaching_needle_rack	`with_teaching_rack` is deprecated, use `with_teaching_needle_rack`: what stands in the rack is a teaching needle, not a tip.
function	TIP_CAR_NTR_A00	pylabrobot.resources.hamilton.tip_carriers	pylabrobot/pylabrobot/resources/hamilton/tip_carriers.py:344	yes	hamilton_tip_carrier_L5_ntr_a00	TIP_CAR_NTR_A00 is deprecated. Use 'hamilton_tip_carrier_L5_ntr_a00' instead.
function	TIP_CAR_480	pylabrobot.resources.hamilton.tip_carriers	pylabrobot/pylabrobot/resources/hamilton/tip_carriers.py:354	yes	hamilton_tip_carrier_L5	TIP_CAR_480 is deprecated. Use 'hamilton_tip_carrier_L5' instead.
function	TIP_CAR_480BC_A00	pylabrobot.resources.hamilton.tip_carriers	pylabrobot/pylabrobot/resources/hamilton/tip_carriers.py:364	yes	hamilton_tip_carrier_L5	TIP_CAR_480BC_A00 is deprecated. Use 'hamilton_tip_carrier_L5' instead.
function	TIP_CAR_480_A00	pylabrobot.resources.hamilton.tip_carriers	pylabrobot/pylabrobot/resources/hamilton/tip_carriers.py:374	yes	hamilton_tip_carrier_L5	TIP_CAR_480_A00 is deprecated. Use 'hamilton_tip_carrier_L5' instead.
function	standard_volume_tip_no_filter	pylabrobot.resources.hamilton.tip_creators	pylabrobot/pylabrobot/resources/hamilton/tip_creators.py:138	yes	hamilton_tip_300uL	standard_volume_tip_no_filter is deprecated, use hamilton_tip_300uL instead
function	standard_volume_tip_with_filter	pylabrobot.resources.hamilton.tip_creators	pylabrobot/pylabrobot/resources/hamilton/tip_creators.py:148	yes	hamilton_tip_300uL_filter	standard_volume_tip_with_filter is deprecated, use hamilton_tip_300uL_filter instead
function	slim_standard_volume_tip_with_filter	pylabrobot.resources.hamilton.tip_creators	pylabrobot/pylabrobot/resources/hamilton/tip_creators.py:158	yes	hamilton_tip_300uL_filter_slim	slim_standard_volume_tip_with_filter is deprecated, use hamilton_tip_300uL_filter_slim instead
function	ultrawide_standard_volume_tip_with_filter	pylabrobot.resources.hamilton.tip_creators	pylabrobot/pylabrobot/resources/hamilton/tip_creators.py:168	yes	hamilton_tip_300uL_filter_ultrawide	ultrawide_standard_volume_tip_with_filter is deprecated, use hamilton_tip_300uL_filter_ultrawide instead
function	low_volume_tip_no_filter	pylabrobot.resources.hamilton.tip_creators	pylabrobot/pylabrobot/resources/hamilton/tip_creators.py:179	yes	hamilton_tip_10uL	low_volume_tip_no_filter is deprecated, use hamilton_tip_10uL instead
function	low_volume_tip_with_filter	pylabrobot.resources.hamilton.tip_creators	pylabrobot/pylabrobot/resources/hamilton/tip_creators.py:189	yes	hamilton_tip_10uL_filter	low_volume_tip_with_filter is deprecated, use hamilton_tip_10uL_filter instead
function	high_volume_tip_no_filter	pylabrobot.resources.hamilton.tip_creators	pylabrobot/pylabrobot/resources/hamilton/tip_creators.py:199	yes	hamilton_tip_1000uL	high_volume_tip_no_filter is deprecated, use hamilton_tip_1000uL instead
function	high_volume_tip_with_filter	pylabrobot.resources.hamilton.tip_creators	pylabrobot/pylabrobot/resources/hamilton/tip_creators.py:209	yes	hamilton_tip_1000uL_filter	high_volume_tip_with_filter is deprecated, use hamilton_tip_1000uL_filter instead
function	wide_high_volume_tip_with_filter	pylabrobot.resources.hamilton.tip_creators	pylabrobot/pylabrobot/resources/hamilton/tip_creators.py:219	yes	hamilton_tip_1000uL_filter_wide	wide_high_volume_tip_with_filter is deprecated, use hamilton_tip_1000uL_filter_wide instead
function	ultrawide_high_volume_tip_with_filter	pylabrobot.resources.hamilton.tip_creators	pylabrobot/pylabrobot/resources/hamilton/tip_creators.py:229	yes	hamilton_tip_1000uL_filter_ultrawide	ultrawide_high_volume_tip_with_filter is deprecated, use hamilton_tip_1000uL_filter_ultrawide instead
function	four_ml_tip_with_filter	pylabrobot.resources.hamilton.tip_creators	pylabrobot/pylabrobot/resources/hamilton/tip_creators.py:240	yes	hamilton_tip_4000uL_filter	four_ml_tip_with_filter is deprecated, use hamilton_tip_4000uL_filter instead
function	five_ml_tip_with_filter	pylabrobot.resources.hamilton.tip_creators	pylabrobot/pylabrobot/resources/hamilton/tip_creators.py:250	yes	hamilton_tip_5000uL_filter	five_ml_tip_with_filter is deprecated, use hamilton_tip_5000uL_filter instead
function	five_ml_tip	pylabrobot.resources.hamilton.tip_creators	pylabrobot/pylabrobot/resources/hamilton/tip_creators.py:260	yes	hamilton_tip_5000uL	five_ml_tip is deprecated, use hamilton_tip_5000uL instead
function	fifty_ul_tip_with_filter	pylabrobot.resources.hamilton.tip_creators	pylabrobot/pylabrobot/resources/hamilton/tip_creators.py:270	yes	hamilton_tip_50uL_filter	fifty_ul_tip_with_filter is deprecated, use hamilton_tip_50uL_filter instead
function	fifty_ul_tip_no_filter	pylabrobot.resources.hamilton.tip_creators	pylabrobot/pylabrobot/resources/hamilton/tip_creators.py:280	yes	hamilton_tip_50uL	fifty_ul_tip_no_filter is deprecated, use hamilton_tip_50uL instead
function	hamilton_tiprack_standard	pylabrobot.resources.hamilton.tip_racks	pylabrobot/pylabrobot/resources/hamilton/tip_racks.py:382	yes	hamilton_96_tiprack_standard	hamilton_tiprack_standard is deprecated. Use 'hamilton_96_tiprack_standard' instead.
function	Hamilton_1_trough_200ml_Vb	pylabrobot.resources.hamilton.troughs	pylabrobot/pylabrobot/resources/hamilton/troughs.py:167	yes	hamilton_1_trough_200mL_Vb	Hamilton_1_trough_200ml_Vb() is deprecated and will be removed after 2026-07. Use hamilton_1_trough_200mL_Vb() instead.
function	hamilton_1_trough_200ml_Vb	pylabrobot.resources.hamilton.troughs	pylabrobot/pylabrobot/resources/hamilton/troughs.py:182	yes	hamilton_1_trough_200mL_Vb	hamilton_1_trough_200ml_Vb() is deprecated and will be removed after 2026-07. Use hamilton_1_trough_200mL_Vb() instead.
function	hamilton_1_trough_60ml_Vb	pylabrobot.resources.hamilton.troughs	pylabrobot/pylabrobot/resources/hamilton/troughs.py:197	yes	hamilton_1_trough_60mL_Vb	hamilton_1_trough_60ml_Vb() is deprecated and will be removed after 2026-07. Use hamilton_1_trough_60mL_Vb() instead.
function	Tube_CAR_32_A00	pylabrobot.resources.hamilton.tube_carriers	pylabrobot/pylabrobot/resources/hamilton/tube_carriers.py:35	yes	hamilton_tube_carrier_32_a00_insert_eppendorf_1_5mL	The true dimensions of a Tube_CAR_32_A00 (SMP_CAR_32_A00) are not known. The hamilton definitions are with inserts. Do you want to use `hamilton_tube_carrier_32_a00_insert_eppendorf_1_5mL` instead?
method	Plate.set_well_liquids	pylabrobot.resources.plate	pylabrobot/pylabrobot/resources/plate.py:154	yes	set_well_volumes	set_well_liquids is deprecated and will be removed in a future version. Use set_well_volumes instead.
method	PlateAdapter.__init__	pylabrobot.resources.plate_adapter	pylabrobot/pylabrobot/resources/plate_adapter.py:61	yes	the	adapter_hole_size_z is deprecated and will be removed in a future release. Please use the new Resource system instead.
method	TipSpot.tracker	pylabrobot.resources.tip_rack	pylabrobot/pylabrobot/resources/tip_rack.py:205	no(docstring-only)	tip	Deprecated: the legacy liquid handler's tracker for this spot. Use `tip`.
method	TipSpot.get_tip	pylabrobot.resources.tip_rack	pylabrobot/pylabrobot/resources/tip_rack.py:209	no(docstring-only)	tip	Deprecated: get a tip from the tip spot. Use `tip` or `tip_for_pickup`.
method	TipSpot.has_tip	pylabrobot.resources.tip_rack	pylabrobot/pylabrobot/resources/tip_rack.py:220	no(docstring-only)	tip	Deprecated: check if the tip spot has a tip. Use `tip`.
method	TipSpot.empty	pylabrobot.resources.tip_rack	pylabrobot/pylabrobot/resources/tip_rack.py:224	no(docstring-only)	unassign_tip	Deprecated: empty the tip spot. Use `unassign_tip`.
method	TipRack.disable_tip_trackers	pylabrobot.resources.tip_rack	pylabrobot/pylabrobot/resources/tip_rack.py:423	yes	disable_tip_tracking	TipRack.disable_tip_trackers is deprecated. Use 'disable_tip_tracking' instead.
method	TipRack.enable_tip_trackers	pylabrobot.resources.tip_rack	pylabrobot/pylabrobot/resources/tip_rack.py:432	yes	enable_tip_tracking	TipRack.enable_tip_trackers is deprecated. Use 'enable_tip_tracking' instead.
class	NestedTipRack	pylabrobot.resources.tip_rack	pylabrobot/pylabrobot/resources/tip_rack.py:556	yes	StandingTipRack	NestedTipRack is deprecated, use StandingTipRack with a stacking_z_height instead
method	NestedTipRack.__init__	pylabrobot.resources.tip_rack	pylabrobot/pylabrobot/resources/tip_rack.py:559	yes	StandingTipRack	NestedTipRack is deprecated, use StandingTipRack with a stacking_z_height instead
function	__getattr__	pylabrobot.resources.tip_tracker	pylabrobot/pylabrobot/resources/tip_tracker.py:19	yes	pylabrobot.legacy.tip_tracker.	pylabrobot.resources.tip_tracker.{} is deprecated and will be removed in the future. A tip is its holder's child in the resource tree; use pylabrobot.legacy.tip_tracker.{} for the legacy liquid handler.
method	Tube.set_liquids	pylabrobot.resources.tube	pylabrobot/pylabrobot/resources/tube.py:90	yes	set_volume	`set_liquids` is deprecated and will be removed in a future version. Use `set_volume` instead.
method	VolumeTracker.set_liquids	pylabrobot.resources.volume_tracker	pylabrobot/pylabrobot/resources/volume_tracker.py:77	yes	set_volume	`set_liquids` is deprecated and will be removed in a future version. Use `set_volume` instead.
method	VolumeTracker.get_liquids	pylabrobot.resources.volume_tracker	pylabrobot/pylabrobot/resources/volume_tracker.py:129	yes		`get_liquids` is deprecated and will be removed in a future version. The volume tracker no longer tracks individual liquids.
